skill_count,matched_role_skills,ats_score,jd_similarity,experience_years,action_verbs,achievements,pages,section_score,shortlisted
11,7,76,0.236518996401907,4.412799383861737,10,4,2,0.8021609418440814,0
24,2,60,0.31201927804265417,2.3315487807008504,4,1,1,0.7650375566239775,0
19,11,40,0.42145144623304465,0.37849863654893734,1,2,1,0.5403644527022008,0
15,2,39,0.9772261527208406,1.9391304495846562,7,6,1,0.3133694395476081,0
12,11,96,0.4650776056824406,4.017688297313017,14,2,1,0.7828538731190062,0
11,1,43,0.5856328464896661,4.508870142731143,2,6,2,0.96184640239165,0
23,11,39,0.3568781701907144,1.0173637124879793,9,4,2,0.7424840853409559,0
15,11,30,0.6886240568606146,0.3348680601263576,13,1,1,0.6047049069313438,0
15,12,34,0.4245465724127795,4.386752265664193,3,0,2,0.6676077258781399,0
8,11,49,0.36559406275074147,1.9470246948943766,8,0,2,0.43974016536194227,0
12,3,37,0.6132581027567833,2.708804821337816,13,0,1,0.8253809146276163,0
7,6,72,0.20440463932833666,4.8403290602537945,8,6,1,0.8224938810068942,0
6,8,30,0.20613122611938028,0.33282363957111427,3,6,2,0.40186211027119745,0
16,9,86,0.37525504728148623,3.241590037260478,4,2,2,0.9145848677497612,0
10,7,93,0.22937709000065692,0.3705271128743354,2,1,2,0.48843281763131363,0
6,4,57,0.2864206033045531,1.8773446423325018,4,7,2,0.9875792426556305,0
5,6,66,0.4710885194710013,4.019072725967233,11,6,1,0.5680321098260721,0
16,5,76,0.8420685436638504,2.167361163778172,11,1,1,0.4245188411141497,1
16,8,66,0.6576389146954407,4.985911769514752,11,2,2,0.5462040779419566,1
21,1,78,0.6101341807651331,2.795296424733011,14,6,1,0.6081262300880352,1
14,1,73,0.43479105856649736,1.6058107631797673,9,0,2,0.3485154411268064,0
20,13,85,0.9454029755462532,1.1005566295237657,2,0,2,0.7047528668563026,1
19,11,57,0.5176120329897533,1.7526026714308092,12,4,1,0.7183427079082303,0
19,6,35,0.26967421343661724,1.862666368797754,12,5,2,0.8172513187446304,0
23,10,90,0.693653212894241,0.3435683886198049,13,3,2,0.3204189246035203,1
16,12,49,0.29107071478128116,1.8478709971338658,3,7,1,0.6788667501036811,0
24,2,31,0.4761785142413537,2.3211925986961246,11,5,1,0.33703520328946507,0
7,5,66,0.605929550974247,3.613688761194023,11,6,2,0.7908009539766574,0
9,1,49,0.8993780197481407,3.28364742360804,4,1,2,0.3390095899906891,0
23,7,55,0.5948372642720949,3.543828276145771,5,6,1,0.9382094938391428,0
11,1,58,0.7618070128253314,0.04181840938428549,1,1,2,0.7914577968191475,0
13,4,30,0.9942534711992563,1.0883369979026802,7,1,2,0.6551728355596099,0
11,9,64,0.30519129591838534,3.3084214419992826,14,5,1,0.6090527462968225,0
22,1,99,0.4197852204156156,2.419946840898736,10,3,1,0.39147084128928367,0
8,4,88,0.5156608604781172,0.02656737834172973,7,4,1,0.5036995726952641,0
18,6,98,0.5374625428310651,4.022473212159111,9,5,1,0.9082713735146273,0
22,6,62,0.5288168602124366,3.864047866451687,4,3,1,0.9331169680937457,0
13,12,80,0.926088802045244,2.742095814967813,14,0,1,0.3005233958593717,1
6,13,41,0.7712261155734852,0.3323166288813606,14,0,2,0.7158954740342858,0
24,8,49,0.686324171272563,3.8325752476629233,6,1,2,0.8035104263175794,0
19,1,82,0.4474981742902257,2.9185679386568197,11,2,1,0.7331228877203244,0
11,7,72,0.8590323073770358,3.9097998857897958,2,6,1,0.35717583540644776,0
16,1,79,0.9640484091879913,3.758734961979202,12,6,2,0.45240742915923154,1
12,13,58,0.8569586260401814,4.015010359789185,12,1,2,0.4752381871669702,0
19,14,86,0.20125208415317833,2.5900403320231242,14,2,2,0.8822072419135627,0
7,7,68,0.7091210961467256,0.701622590967575,4,7,1,0.6242396054162442,0
18,3,85,0.24090830515368059,3.3557873668984435,2,3,1,0.6407797483588658,0
21,11,72,0.4060857762669775,3.102368925259853,10,7,2,0.9544251325881559,0
8,8,79,0.24761976027821736,3.711265935995436,5,7,1,0.7459601221983008,0
22,3,52,0.6830363623595102,0.8494050302536765,7,0,1,0.9290673910868645,0
12,14,73,0.7492719307940854,0.9748759995014461,13,7,1,0.619556198739073,0
8,14,67,0.2915901104527241,4.452047586096643,1,6,2,0.40460538096280596,0
6,13,52,0.5070711064359836,3.749888992260354,10,5,2,0.95095491585186,0
10,1,74,0.5649892071644336,4.541142443501615,10,2,1,0.6210935809672767,0
14,13,81,0.4952424174087333,3.7935766058196037,7,3,1,0.42714199531517527,0
8,13,79,0.2968200003881545,2.9857765299515093,10,0,1,0.5116770182127456,0
22,14,37,0.5351582321499804,3.2706636851393682,13,7,1,0.33556181278225955,0
16,8,30,0.8009424382467345,4.445639619700049,6,5,1,0.6278104140194696,0
6,3,37,0.2568061316266044,2.8940337725597027,6,2,2,0.8971897203371655,0
14,2,58,0.2641440112655228,3.161956621641937,12,1,1,0.9535063192046824,0
8,1,34,0.4838170334687874,0.7823835800180029,8,1,1,0.9528215452525506,0
18,14,76,0.95338056929514,2.369606100580514,8,1,1,0.3876610179401227,1
20,3,63,0.7348581173783313,3.581985559790495,6,6,2,0.5674377177577399,0
19,2,94,0.7429359653380518,1.354713491581827,3,3,2,0.31976013175549445,1
12,2,84,0.489535992670292,1.0112709026226745,5,1,1,0.8986157414800309,0
18,6,72,0.6749286329668307,1.5691340411220778,2,6,2,0.5511290334148916,1
12,12,59,0.20810494722219472,1.2075031399641674,14,4,2,0.7417819195245643,0
20,1,46,0.7088768371276337,1.0745631851819792,5,6,2,0.8004289066541019,0
17,2,55,0.9306295580609893,2.124254214340435,14,0,2,0.6008912688202087,0
22,14,37,0.6900587746758553,4.53919256941767,9,6,2,0.51450963558517,0
19,6,76,0.8989588747730761,2.5352982336935916,10,3,2,0.9735490370811613,1
17,3,75,0.7791784443728751,0.9396019040766151,1,5,1,0.9751417575166978,1
13,4,97,0.2964467331229522,0.3848583469043704,10,7,2,0.5026054576210153,0
19,1,62,0.9219626458286734,3.480780725689626,5,6,2,0.6357375677211206,0
17,8,30,0.2531550754846199,1.913993822181939,12,1,1,0.9809909110620156,0
5,13,48,0.6271739780382111,4.109154732926797,6,0,1,0.30340788535885227,0
11,7,60,0.31370969903476614,3.297553843203851,14,2,1,0.5888747738654044,0
13,7,43,0.20936528858472325,3.9812072527068425,11,1,1,0.3703202847766779,0
5,3,82,0.5376274081021113,1.3597301970922437,7,0,2,0.6564105758938218,0
16,10,77,0.436032566123325,3.4617946123052907,9,4,2,0.317268968178341,0
12,10,98,0.5888003950380825,1.320309923468594,6,7,2,0.5848289019734394,0
15,3,91,0.6617599093876407,4.695342397251458,5,2,2,0.45448935234973453,1
23,14,95,0.2349912578471579,3.181871407666872,12,4,1,0.6733158537211186,0
21,2,93,0.29840263609899653,1.6225590008767106,7,5,2,0.9971955543704898,0
12,12,99,0.6469139171603403,1.3475593114613633,13,0,2,0.8603752735887233,0
7,1,92,0.4745338825381266,0.9546329253582175,1,4,1,0.8919494641370949,0
7,7,62,0.7833387900395585,3.473204794468639,11,7,2,0.7446854911513565,0
5,7,70,0.7218333188735517,1.0935780649896365,14,7,2,0.32909189379058096,0
9,12,77,0.8764834903919254,2.9765163296374455,5,5,2,0.44475837323090084,0
14,2,42,0.7539942613353803,1.3231751346267866,2,7,2,0.9475451895129385,0
11,7,60,0.5439448619121185,3.309844723969343,4,0,1,0.5562791825501259,0
13,13,97,0.738373297915546,4.074698642702696,7,0,1,0.3725457085365569,1
11,8,33,0.42030493940433483,3.890126215723266,5,7,1,0.7916837561063413,0
13,1,48,0.44505079902257016,3.8042566546539085,12,4,1,0.5096204067539782,0
12,9,99,0.8311881279366347,0.9386120284612604,6,0,1,0.4881998390329202,0
16,7,42,0.5571356131212657,0.44192473492259354,2,1,2,0.9985842188907821,0
6,3,52,0.838704272414682,3.494744142436928,3,7,2,0.9006972475186581,0
5,8,30,0.8579378989346227,1.8417360689717566,7,0,1,0.5855564728574887,0
20,7,83,0.8860498701290271,2.1617311320167367,11,3,1,0.9861828454715493,1
9,11,44,0.9333081886729659,0.15574546396695532,2,5,1,0.7550792563934494,0
7,13,94,0.544788176410637,1.297882246375246,12,7,2,0.8194157163158322,0
16,8,44,0.4550934546569111,0.1683820193723201,6,0,1,0.3220591301575481,0
12,6,50,0.6657589972752911,4.3959288630062385,5,3,2,0.38512368154363996,0
7,9,48,0.49693793875010206,1.2169834160926523,10,0,2,0.7431595885473667,0
5,5,89,0.6808593334401865,2.7866858478650403,1,0,2,0.9293167878546387,0
7,3,62,0.7644686901150597,0.19489660330565206,12,4,2,0.7366206082613169,0
9,3,78,0.7507240147937095,3.33423695652829,11,1,1,0.3938174260232942,0
19,1,64,0.4996423096160971,1.6151367287704694,10,7,2,0.3810320323724272,0
18,12,73,0.3334881613590023,4.489595934788329,11,5,2,0.890930127076857,0
7,8,40,0.544423470769766,4.440590944670179,4,7,1,0.39751163709554,0
5,2,95,0.314075315265527,1.626453091808739,11,1,2,0.6641623723528178,0
9,3,75,0.9120776281470466,4.504804478452339,2,2,2,0.32597932397361157,0
18,8,38,0.47670196859028596,4.980788367493894,4,4,2,0.35646883717382416,0
11,14,32,0.32356779777865907,4.127078320619741,1,4,1,0.7706437873500054,0
13,8,55,0.2203582079246007,4.2243567387761445,2,1,2,0.7824269872992616,0
19,14,77,0.7166579090291874,1.2450436805454497,13,6,2,0.5390285846259096,1
19,11,95,0.7095218539637946,2.8835119942887815,8,4,1,0.4509268356701313,1
14,4,99,0.47248333326503333,0.33627956983683926,6,7,1,0.8695971895301156,0
17,4,57,0.25736951107812084,0.47458968410834856,2,1,2,0.45197226062892326,0
23,5,55,0.5277031159161856,4.994463060166453,12,4,2,0.6794189487664657,0
11,6,54,0.44897399605071486,1.6331962471295547,6,0,1,0.9777461886040337,0
21,5,41,0.7416965117880074,3.740919560244232,10,1,2,0.40349670650366865,0
24,14,34,0.6846233995621522,4.033325265134082,9,1,1,0.9586133872462961,0
8,7,77,0.491674982558032,4.290116355036146,7,7,2,0.428025137148068,0
9,2,66,0.3743140434039921,4.9881414870107825,9,3,1,0.6972102456162607,0
11,7,73,0.9904287729244736,1.207482426284339,5,4,2,0.5639053983711212,0
17,10,44,0.5632012969568919,0.20175413429849853,7,4,1,0.975450021051278,0
19,7,72,0.7506193886241896,2.05595758997293,11,1,1,0.49147942030135583,1
15,1,77,0.31244237406268865,0.6504033491447347,14,0,1,0.5797606014600275,0
8,7,99,0.5884717597275182,0.11212944581027562,7,0,1,0.9880020824987943,0
17,5,75,0.2220293758955724,1.8021341357074305,12,5,1,0.6755292738319312,0
11,3,72,0.6043640943283599,3.9186912553761823,12,0,2,0.6518410809348774,0
23,13,50,0.9712139256941619,2.8309034561253545,3,4,2,0.4804449417427939,0
6,3,52,0.5073653703886403,1.5638899460517703,7,6,1,0.790954492217309,0
14,4,76,0.2311968100599293,3.2717100274635986,1,3,2,0.31006106624444435,0
17,13,44,0.22476463273547484,1.1600909015440535,9,1,2,0.33465884079160546,0
10,12,54,0.5103894079574955,0.07190723036042512,10,2,2,0.7195510109950618,0
16,2,65,0.3280199491705552,3.821766932182137,13,3,2,0.5391722016729179,0
16,2,80,0.21868167706254873,3.1187154243200457,6,7,2,0.9673214605406724,0
24,1,44,0.8049708911601414,3.8115131225048,5,7,2,0.93223348350595,0
15,5,97,0.5668184071055126,0.19469008343832805,7,6,1,0.799594381073695,0
11,4,50,0.4313958175781236,4.185598139153261,5,2,2,0.8727019067894608,0
5,11,42,0.9200665464131845,3.097631000181517,10,3,2,0.7671322947673853,0
5,10,48,0.2929111681604205,2.8169767535632007,5,0,2,0.38790747189711244,0
24,2,63,0.9647350631642555,3.123070240572658,11,4,1,0.8358803587824417,0
17,3,97,0.4511733739018823,4.322166234341821,10,6,2,0.44713437810319245,0
13,7,81,0.910722937846945,2.934682532794535,11,2,2,0.5264099985701377,1
7,7,56,0.6823543011835693,2.9047518994408965,7,6,2,0.8734639484716942,0
11,12,58,0.86136588779319,4.953395785328829,10,3,1,0.6755679258754137,0
10,4,57,0.9872105305683714,3.78365083534284,7,4,2,0.9019584999283865,0
12,5,64,0.4307243502549966,2.2114690272556765,13,6,1,0.4491247238902849,0
13,5,37,0.9689083883260745,3.5369850001646386,11,2,2,0.725444907024821,0
9,6,45,0.5115855159219362,1.9461523584589424,3,1,1,0.3586536807837831,0
5,14,65,0.5084095237895379,1.144377312417495,3,3,1,0.7501426954780207,0
23,9,59,0.4723096834036046,2.984259384438797,10,1,1,0.8337738264428742,0
14,2,47,0.6331260858780682,4.640910490569757,12,0,2,0.7094516257851051,0
16,5,31,0.3233160345427897,4.645697600077313,13,1,1,0.4863620510491672,0
19,12,78,0.642969188286409,1.7095263905274516,3,1,1,0.3219398682012067,1
13,3,33,0.6333638499280032,2.6383873311084747,6,5,1,0.383614218775,0
24,4,36,0.8095214500838961,1.058179492849306,12,3,1,0.7356120853518183,0
21,10,68,0.8669199695500684,4.978155547494417,6,0,2,0.9540941517897596,1
21,6,42,0.5523530802499392,4.905589539339679,13,1,2,0.44457408278040444,0
24,12,60,0.441866599481195,3.247544648537237,13,7,2,0.8145183043735691,0
16,8,92,0.4074679178536756,4.022070298387367,3,4,2,0.906515744274329,0
11,1,85,0.35569906936389756,3.5755008064185,3,2,1,0.6646175249132578,0
6,10,71,0.2461180657592199,2.965791095197341,8,1,2,0.7684860570905604,0
7,14,90,0.4739583830677707,0.2667399849444885,8,0,1,0.8705107216733037,0
21,8,71,0.41619815370462665,2.273821712763305,7,1,2,0.4824726104184155,0
9,11,85,0.9731339086931259,3.3739315108370524,10,2,2,0.50782697198763,0
21,14,65,0.6461670610000352,3.387658069418423,4,0,2,0.3004392616399193,0
21,7,97,0.4778216312244061,1.8656130921119178,4,3,1,0.9741658916284617,0
21,1,36,0.6643740807949567,4.708459933290153,3,0,2,0.9422814262174413,0
6,2,83,0.3113573610765564,0.836785161183905,5,3,2,0.8351977846316012,0
6,3,30,0.5552349993617623,2.501797231077803,3,0,2,0.35535321468365366,0
9,1,73,0.7009874571368511,3.454419882754114,13,7,1,0.6132520227896556,0
5,14,74,0.5911182654339611,3.485679029459046,8,6,2,0.37132422778008695,0
5,9,76,0.5214230405234594,3.2431947838440776,7,2,2,0.311144187083959,0
23,8,42,0.9950787111197585,1.3764410672593008,13,2,1,0.7313280756488181,0
6,2,51,0.9042518097191417,0.7810328434331099,3,0,1,0.9725805919561319,0
16,13,50,0.6987247665275521,3.1797016341335542,9,6,2,0.9320076164025051,0
10,9,38,0.6555018889458262,2.996510580697189,12,1,2,0.7877283704547831,0
8,7,55,0.6965283838596672,0.8967800514462049,14,2,2,0.36764840891540995,0
15,9,38,0.36104968625794664,3.525695727852817,13,7,1,0.49191482637061007,0
21,6,44,0.5161101946114549,2.275859958668282,5,3,1,0.5240397088197036,0
10,6,39,0.23156762631271946,3.3388029580157648,9,3,1,0.8342050404218928,0
9,11,71,0.5804368299894613,4.186835398850754,7,4,2,0.8615744254645799,0
24,14,53,0.6344196671661306,0.8486421428846158,7,5,1,0.5695742860929442,0
6,4,78,0.38219978888256767,0.0957243399841834,6,6,2,0.5925187976323267,0
10,10,55,0.9712230777324111,3.895512931978934,2,5,1,0.3311563274933199,0
15,10,66,0.9275636887497936,3.0484871257630797,9,5,1,0.5023957028931327,1
20,13,97,0.7777145883647247,3.4981978481106086,6,3,1,0.615899624024348,1
20,13,79,0.6267093030122901,4.190774874943212,8,7,2,0.3818881324696803,1
5,2,53,0.8959753277181479,4.0140546741225025,1,7,2,0.6172872225285149,0
13,7,48,0.3045218750587704,4.804600734644123,5,4,2,0.8972230685804603,0
10,5,89,0.832407835419908,2.679675394260591,12,5,2,0.7069247138075373,0
20,11,68,0.29985665117347865,2.4424781632995267,1,5,1,0.3552508985268886,0
7,6,47,0.8353685300395244,2.0094359994536504,10,0,2,0.434169923181192,0
24,2,48,0.4206140546010856,0.7684552142210227,11,0,1,0.6321810451109893,0
8,5,65,0.9016724648145511,2.8630361644101123,14,0,2,0.5530410048752684,0
23,10,84,0.9552336750603183,1.3850626216298938,8,1,2,0.5511089136822691,1
7,4,98,0.31903677552409254,4.6065375610648776,8,5,1,0.6704872137005131,0
23,9,76,0.5701404840523148,2.9159540213854878,1,7,1,0.7090771451126201,0
24,6,78,0.9847899025301481,2.9642009025405507,9,7,2,0.8578030991933336,1
11,2,62,0.5867259487785172,1.7746233043850501,2,1,2,0.5386765944237393,0
24,1,50,0.8908380180116362,0.25994675988853744,12,7,1,0.8638263981284107,0
13,5,51,0.6709852177050559,0.1587188268649431,9,4,1,0.5370278603788428,0
5,9,77,0.5002639263356815,2.1166757207659876,1,6,1,0.3388030922588637,0
12,6,66,0.4286268444206962,0.42282689048618927,12,3,1,0.6879313557033537,0
11,10,44,0.36257847286886985,3.0342347777006955,10,5,1,0.7115316274263701,0
22,12,64,0.8094385531021577,4.404865028198287,14,7,2,0.954178171935302,0
12,7,61,0.5092324054584223,4.414574082593611,14,3,2,0.808242928243732,0
5,5,40,0.6090203697606009,3.295227050661162,9,7,2,0.9424408567461076,0
15,10,39,0.5938603840009455,1.0561591573646552,4,6,2,0.9358430471701067,0
22,6,86,0.661823223386505,4.3149841567943605,9,0,1,0.7232018771807694,1
14,5,54,0.8924617164996418,4.430467176566041,7,5,1,0.6694334457355132,0
7,11,31,0.9845914748667435,0.9832679247647935,11,2,1,0.6902086770145199,0
11,9,93,0.5260673668590536,3.6871304288533864,6,1,2,0.9848315653740733,0
20,6,64,0.8620151376850425,1.4325977446356148,5,1,1,0.8412173842228712,0
20,11,36,0.8116222357237741,4.013201561764649,11,5,1,0.3743861333546771,0
24,8,47,0.6588231611644586,4.986189499518013,9,6,2,0.84489988474698,0
21,2,96,0.9648377148895466,0.15013002664696407,2,0,2,0.4193766342287581,1
6,12,71,0.36037961242272226,4.486829328954659,14,1,2,0.613145384303938,0
5,13,68,0.28741136824769714,3.1131526679932904,13,0,1,0.44732177052357397,0
20,9,70,0.8831695735643377,4.866913095824106,11,4,1,0.7827081458732608,1
16,5,53,0.5513198533069987,2.325047587632138,14,3,2,0.9141168153351249,0
9,7,89,0.8775750833656484,4.236939652856869,12,6,2,0.5032533197566766,0
9,10,75,0.914472164156332,0.31197034299138615,2,2,1,0.3574075188457313,0
13,13,48,0.24996607489525716,1.6763952503914785,11,3,2,0.5089451686524743,0
13,1,97,0.9067718103888487,0.33508268875604985,12,3,1,0.770653300552536,1
7,10,71,0.5586552442955377,4.876715667395352,9,4,2,0.530132089288115,0
23,5,61,0.6083459912033857,4.084869536359184,12,1,2,0.4946785172876624,0
20,12,68,0.7012740088745681,4.262737106229853,3,2,2,0.4291046334089854,1
20,14,65,0.9411060853840694,4.689826157169471,8,1,1,0.6482614988121034,0
7,10,65,0.21529287554381124,0.42551743059892677,11,5,1,0.4931641797100313,0
24,14,32,0.5814747746542537,1.9279879625666667,9,3,2,0.8117072443976381,0
5,2,37,0.7501776339444486,0.3551744452200106,8,5,1,0.3536356813945419,0
24,12,99,0.7781655661585829,1.053965507750143,4,0,2,0.7648231231779222,1
15,6,70,0.7540259452296865,1.146828885188362,12,3,2,0.4662920101974389,1
21,11,97,0.30754810352649753,2.3455360552378934,1,1,1,0.6424954827361222,0
12,1,42,0.439516470697345,1.342810837268213,4,3,1,0.5002629454218824,0
8,3,78,0.48697242033361077,0.5048905340888055,14,0,1,0.805938073207557,0
10,5,89,0.843549766143604,0.8374554454705385,9,4,1,0.9617149281761457,0
12,4,31,0.42300789793164245,0.7363778177604546,2,5,2,0.9419537456288691,0
24,3,89,0.36856397109376254,4.865383989561492,3,7,1,0.7083983506008638,0
7,10,34,0.965958415230477,3.796462534592368,10,5,1,0.6238272122798849,0
20,13,73,0.20709062809077514,4.83880732634781,8,1,2,0.8728103566075671,0
7,5,56,0.9982566845455827,2.198702432539543,6,3,2,0.7783284538394108,0
22,11,61,0.7414570390859165,1.391842408313283,8,1,2,0.428494879951853,0
18,8,50,0.8627754395592937,3.9914659860459336,7,4,2,0.8746434495291002,0
22,11,37,0.43569551707695453,1.631269590205734,14,3,1,0.600219072576297,0
6,4,79,0.211452222133648,1.4969168685267413,13,7,1,0.43228996197982256,0
7,1,96,0.7902956148492242,1.162529961039156,13,3,2,0.4972581452775447,0
20,11,73,0.8673156776005406,0.6483948911211768,5,7,2,0.48726892117383963,1
13,7,87,0.7923809055628153,1.2823153050838298,9,1,1,0.663444882222422,1
8,8,32,0.3142802298406709,1.7765987423694385,4,1,1,0.46405906347451287,0
5,3,99,0.8027423378055754,3.369971040728652,6,0,1,0.3864965411811033,0
8,6,31,0.8151382256861128,0.3128242110972579,2,6,1,0.3865835954296325,0
5,2,73,0.7268324125360439,1.0525346983267148,2,6,1,0.7082933379973676,0
18,7,31,0.812892746236469,4.045118201458382,2,4,2,0.814331502194565,0
20,8,64,0.8767371517421858,0.7346096179188538,10,6,2,0.5250731061868386,0
24,6,59,0.6908832913899667,1.7132257326126077,7,0,2,0.3242554968698119,0
12,6,37,0.27088377117574325,4.3232946092907,13,5,2,0.3890574208559075,0
11,5,51,0.5901022477337687,0.7746265557172133,2,7,1,0.94028619223594,0
7,8,73,0.26211946773728406,0.4136841780909495,12,3,2,0.6454805617126171,0
21,1,87,0.5260344248259448,2.422689975400054,13,1,1,0.6175009667306224,0
5,10,65,0.5256851913005021,1.512097556392682,2,3,1,0.3266344248170636,0
20,4,98,0.2528078753121933,2.8170418224192706,9,3,1,0.8100459156218294,0
16,4,60,0.4790564271755835,4.0190244524173755,7,2,1,0.6696476566524552,0
23,3,76,0.2887984790330519,0.6857424407637158,11,5,1,0.44145665526056455,0
18,3,84,0.8465881680073777,2.903495422771425,3,2,1,0.37705163212674003,1
10,4,91,0.9581504207715767,2.5275438019493195,3,6,1,0.5683715045423989,0
10,11,59,0.2578531802063509,0.7203939300659978,7,3,2,0.886013374936518,0
17,1,84,0.9640921658333612,3.1199924276449122,5,7,1,0.9057061914407172,1
23,14,45,0.6180612794693962,1.3682020893038582,10,1,2,0.7219924662769455,0
12,11,41,0.43965254236309914,2.4391715927200623,14,7,2,0.8092754990610997,0
6,13,46,0.26148966022093084,0.4113616213853094,14,3,1,0.3806090511820092,0
5,11,45,0.6004994144563343,2.2979202860681154,6,5,1,0.7116882458274983,0
19,2,41,0.8356124355925989,1.5323173402141017,13,7,2,0.7668759924410271,0
5,9,37,0.7656691818133585,4.111906055926772,12,2,2,0.44049899003965454,0
9,10,32,0.240180809171179,0.2848936349868414,8,1,2,0.9161083130371812,0
20,2,45,0.25832146829432284,2.09303637459165,9,3,2,0.4364977162647138,0
23,5,59,0.5222986261061098,2.29215712065719,1,4,1,0.5194341518925153,0
8,9,52,0.43623239523835466,3.6250303814955935,3,5,1,0.7343897929164209,0
7,9,34,0.3859074584448383,2.871437875451055,11,5,1,0.7468450455915114,0
21,8,94,0.4248035991269709,3.3360616859709054,7,4,2,0.789569318691157,0
21,1,59,0.8427861946375077,3.885246428258781,6,7,1,0.37840819914774393,0
16,1,50,0.9433824429054831,4.311014868290944,7,3,2,0.8946251009499886,0
18,9,99,0.5240821556220532,1.5693774836123526,8,5,1,0.6729929925982818,0
10,13,51,0.9248888017059977,2.690113526819515,6,1,2,0.6299252558735478,0
7,11,61,0.4571965609983056,4.200540392195999,3,3,1,0.9867683371594567,0
13,8,62,0.5811495890750333,4.947255654825282,2,3,1,0.8182648078587138,0
9,10,45,0.3808231982527998,4.447596555218816,12,2,2,0.3826042186335624,0
21,9,67,0.7123808337406752,1.857336313121884,7,5,2,0.8295774170583685,1
18,7,43,0.9831848921398472,0.9758325860932521,12,5,2,0.3666742537810086,0
7,3,65,0.682794476834703,2.4469626870329435,12,4,2,0.3192293937590894,0
5,3,52,0.4862512672908391,3.7082072591802113,12,2,2,0.582538126688928,0
24,2,95,0.7182539567924227,2.462845353766488,11,7,1,0.9955047209734531,1
5,5,31,0.2983365427723101,2.4159043165683425,1,6,2,0.42241875533640383,0
7,12,94,0.910927264212319,4.191152105409003,3,7,1,0.770851040468753,0
22,12,96,0.6024671606238692,1.8070188953359319,12,7,1,0.42137724634428353,1
14,3,81,0.5594797936317137,4.298973374058228,11,2,1,0.8073508824708702,0
7,14,91,0.6686918307628154,2.034024004758618,4,5,1,0.6537475677664782,0
12,6,52,0.699827090231522,1.641165528391697,13,3,1,0.7759801970625634,0
18,2,55,0.2574206449812104,2.269949555998495,14,2,2,0.4420112231399642,0
22,12,97,0.7460937769787219,3.8122347933743423,1,4,2,0.8219398327643515,1
19,3,84,0.3935453442524237,0.6300101393199714,5,2,1,0.9969333417358945,0
6,5,35,0.7711621060052718,0.9820960793600869,10,4,1,0.7659553504381718,0
14,12,64,0.8580278355073574,4.7572241283154595,3,7,2,0.6454359986510143,0
6,11,51,0.8431668060420163,0.8774581369067869,2,6,2,0.9462217920334852,0
21,11,72,0.6420007739263114,2.8386365896552728,3,2,1,0.3110962895623134,1
12,1,44,0.6161359138486009,2.896572333309689,8,4,2,0.8109464635000747,0
5,13,89,0.3143007690715294,2.448122310251224,6,2,2,0.9221225617696689,0
13,1,41,0.8202769203225084,3.223726242884093,13,6,2,0.34317220853467023,0
15,10,78,0.4171275043573715,1.1491336289880922,14,7,1,0.6150449192910308,0
20,9,71,0.5973563382543572,2.763311338883741,7,2,2,0.4433036177649992,0
11,7,67,0.4274192743420134,1.8608662762344856,12,1,1,0.696562715911481,0
14,1,74,0.30706269039975453,3.308336298145945,6,4,1,0.7546800710225623,0
7,12,64,0.7036461575133892,0.7061177168657473,6,6,1,0.5118362280501285,0
22,14,59,0.24346562785832307,2.854387084197381,12,4,1,0.6219871687746705,0
17,8,59,0.79891618730096,0.9263517769166185,3,4,1,0.49553763969359166,0
11,3,35,0.45406943620889334,1.393215315575182,12,0,2,0.5585738151185796,0
8,8,96,0.20010775440358827,1.0935490016179161,13,6,1,0.4116779696818965,0
17,5,36,0.6089033113897839,0.9141888993440855,14,2,1,0.919891610509942,0
24,1,81,0.2374815268220825,4.128554757803335,8,4,1,0.3070072873913955,0
5,7,43,0.4209356462567196,1.4285378383044516,12,5,2,0.917686430510652,0
12,5,44,0.765581189964573,4.635618909322247,7,0,2,0.7001752148448169,0
18,6,50,0.2501516972974927,4.849632626725954,7,1,2,0.5321604909239122,0
20,6,64,0.8714707938848019,2.8563023496854867,6,4,2,0.8061399878222308,0
18,8,95,0.2030559381268665,0.715005613328632,5,7,2,0.655426506303865,0
16,9,31,0.3974590953615218,1.8727412168979063,10,4,2,0.6493760606753245,0
23,2,64,0.7927232449216572,3.9886613167410703,8,0,2,0.3770995980432765,0
19,9,49,0.45301611978344547,1.8369536434853524,5,2,1,0.5726612181617861,0
6,12,39,0.2815139104528108,0.43508609151394373,9,5,1,0.4687450420997156,0
6,11,54,0.48818713504034233,2.7839245546409397,9,7,2,0.31098713391739574,0
23,10,95,0.41631462910762046,4.225604257480174,1,1,1,0.5520697415474793,0
21,9,54,0.874169521728444,3.979631935717512,6,7,1,0.3628754905979233,0
24,13,83,0.45067833406811453,0.8756157006517662,7,4,2,0.47978102640762965,0
14,10,62,0.8311459774208059,3.3638230720623334,3,2,1,0.3647616348281661,0
10,10,65,0.9134977158485877,1.1025213171782355,7,6,1,0.3706591378894792,0
19,7,43,0.5470539356612236,1.0910376727608613,11,5,2,0.43930790609063175,0
15,1,94,0.9279545150835136,4.370358866525926,11,6,1,0.99989447114048,1
9,7,83,0.5018544431705543,1.2483447637011507,7,5,2,0.30152890000007415,0
5,10,81,0.9712627331920867,1.316236732590056,14,1,2,0.7470708452842836,0
12,5,32,0.27143161962045836,0.0032669538064977743,13,3,1,0.39887058861859015,0
16,6,70,0.7496154132025943,4.3533451706275885,11,5,1,0.9444396956975429,1
16,10,35,0.595051232365543,3.962974066045674,2,3,1,0.36554302533354044,0
9,7,54,0.5101190443645176,3.13664467545339,7,6,2,0.9685442309883654,0
11,14,42,0.7061695029988808,3.751328819694211,1,5,2,0.7276484712384346,0
8,5,37,0.7630856733074649,0.760242837122459,5,1,2,0.30088765384084315,0
10,7,50,0.2034906157202473,2.2916179729378774,9,0,1,0.9258050385417642,0
17,9,97,0.333562470997759,1.7560969367439045,7,1,1,0.6651982609568428,0
24,3,54,0.7704368405074551,0.46888263128508245,7,1,2,0.48386881473133914,0
19,8,97,0.7331083308625652,2.4306524260746203,11,0,1,0.837095424260941,1
7,2,74,0.9728380041029419,4.603698251713177,13,0,1,0.948665887720809,0
12,11,89,0.8088302322006264,0.2002955952534724,12,2,2,0.6385835762027556,0
24,7,41,0.9606181661850706,1.4573045674689693,2,5,2,0.5208874321101776,0
20,13,61,0.7620324012278457,1.0377046810285173,8,6,1,0.8522615867544487,0
17,2,42,0.43844176691155456,1.1907332683284815,3,2,2,0.7772498484519181,0
22,14,60,0.2842919378006852,4.542172759396877,8,0,1,0.9221267386251906,0
14,4,49,0.8254590906759485,2.3403452711714507,3,3,2,0.784759808932835,0
23,7,47,0.7153193771807327,2.331497064699094,10,6,2,0.4704698372296754,0
21,3,89,0.238548809914637,3.8028782122764113,7,3,2,0.9521614748313132,0
23,2,92,0.4880403727207827,0.772461020024629,2,1,1,0.3733850230441939,0
9,11,35,0.965439852387429,2.436326770500254,4,4,1,0.4875599250747935,0
13,10,61,0.600320916568161,2.1499260706052987,11,1,2,0.6641362254067199,0
16,7,72,0.5461833088157637,2.9845534527332807,6,1,2,0.6960194182496309,0
5,1,31,0.5661596841274352,4.997788516252193,11,4,2,0.3107174106388338,0
5,14,89,0.367106179204131,3.8472444704102355,9,5,1,0.846400908074658,0
19,8,52,0.4949657366918362,1.989328515087136,5,0,2,0.5531251228977727,0
6,3,60,0.4958506047897413,4.137765261370235,13,3,2,0.5844929787014964,0
20,12,34,0.24188401614997793,0.8535418165624009,9,1,2,0.8665586811058619,0
12,12,63,0.8140541028143347,0.15231843154480063,5,4,2,0.5654983742092812,0
17,13,39,0.5332035455231032,1.0222418623213652,10,2,1,0.33305741354632834,0
5,2,31,0.8577439094531387,1.7020577805712982,8,1,1,0.4235078393292452,0
20,3,40,0.8802784008959164,2.5529037872977995,13,3,2,0.9691322206717277,0
11,5,79,0.3695952437589265,3.075645702705999,13,0,1,0.3492837536817599,0
9,11,60,0.725882785736103,4.5530285860721085,1,1,1,0.5484518406776113,0
7,8,85,0.5778254433303853,2.5492700477522883,7,1,1,0.6522254169359412,0
16,10,38,0.9041253903371882,2.506378223128647,4,5,2,0.645296579136992,0
20,7,50,0.3725925433411633,0.25121504911491066,5,7,1,0.30277196010849994,0
23,7,57,0.7422505602480354,0.17455776328111905,6,4,1,0.6508139120202432,0
9,12,91,0.6862016978021781,2.7557998095818603,5,2,1,0.5686407205841864,0
18,7,36,0.43624118205746626,2.1908930662417223,12,2,2,0.98045553483219,0
9,8,45,0.3092807229209381,4.195901974901493,1,6,2,0.41141135879568086,0
19,1,33,0.7213118083818213,0.8033979235592259,12,0,1,0.5479079377316465,0
21,4,33,0.7908779665058645,0.12485831058524799,9,6,1,0.5936370395628738,0
18,13,69,0.45250187501068,2.2451938396506295,2,3,2,0.5734854759706641,0
24,6,46,0.7158660832178512,1.1873927837612874,9,0,2,0.7660815793563037,0
9,9,81,0.5161047260892027,0.24807186669418724,10,1,1,0.45085900028343817,0
16,13,81,0.7705655066260941,3.622991434238145,2,7,1,0.45475008696979424,1
20,2,65,0.3593722199152425,0.5579649997862374,9,1,2,0.8104476639505971,0
20,1,67,0.9121720021089395,3.0415975000388586,6,2,2,0.6502033630747257,1
11,13,79,0.42992767717246383,1.4052487508344458,11,3,1,0.5906089732401172,0
8,10,92,0.49422879020492233,0.8674802517751101,9,4,2,0.4184421361740762,0
5,12,92,0.24647356166427983,1.8987576145965872,13,3,1,0.4312690560385166,0
9,14,91,0.2892097698570211,4.007228881114768,6,1,1,0.3073861457711304,0
14,2,36,0.6126895221698625,1.9604678845228634,6,4,1,0.36399838820319647,0
9,7,56,0.4140741413823772,3.7538482460552784,13,3,2,0.6897870862831688,0
8,3,43,0.8683841805937556,0.6274314839957534,11,7,1,0.9243111910058868,0
6,10,34,0.21175471092396309,3.8638570983253957,14,7,1,0.5010153355913902,0
24,2,84,0.503275238937549,1.1846666245332433,2,3,2,0.5294230581272896,0
14,14,31,0.4698764374152742,3.386965649444364,8,4,2,0.38092392742805853,0
23,11,91,0.21546210473408084,2.828907774204982,3,1,1,0.572041661924972,0
5,7,50,0.2994947192004082,4.645723586058437,7,3,1,0.3260551931985304,0
9,13,50,0.5309141399349082,1.93661258987657,5,4,2,0.9423204873833302,0
17,13,39,0.5942916675579573,0.33082594417220224,3,5,2,0.77117794368717,0
8,2,87,0.5234317978038954,0.09577742775626452,1,7,2,0.9935241665752532,0
20,3,68,0.6247501427296751,4.134292804863765,8,5,1,0.9179762138749454,1
20,11,34,0.6761053399245452,2.623678188307161,3,1,1,0.6310934155887069,0
6,7,94,0.20793905690226852,3.8762202591747466,2,4,1,0.6637795218052638,0
21,14,42,0.5712761275628031,1.1721280000575733,1,5,2,0.43340323256203567,0
24,4,82,0.9707993927100707,1.7254187275661685,4,4,1,0.623427539987689,1
16,13,74,0.615225824103639,0.1505193610565947,13,3,2,0.9321195114449681,1
22,14,61,0.7420338139671625,4.8074616228705604,8,1,1,0.33559739654507476,0
7,1,65,0.4494910863335066,3.339339533504067,13,5,2,0.9044897620988168,0
5,13,89,0.8191931025222101,4.666025438796531,3,6,1,0.5386634611498268,0
5,14,40,0.8183371855008921,1.3274820371453617,14,3,1,0.9296589355674167,0
23,5,92,0.6170368381233111,3.057318056128304,1,7,2,0.9586159344390393,1
15,12,50,0.9808110586233709,3.392499841463189,4,6,2,0.7696054209013341,0
9,9,81,0.3004401718101227,1.5877485012879422,9,6,1,0.7650966506148744,0
16,8,84,0.2135581319116648,4.24054617507815,13,0,2,0.616928036396118,0
7,12,55,0.8161265694056767,4.735807314501239,1,0,2,0.8848781571805953,0
5,9,97,0.845724429891906,4.424275588480022,12,1,1,0.9731289309032982,0
5,10,63,0.29616578329646104,3.695334879696863,14,5,2,0.8425572602373834,0
12,14,81,0.4124662663668849,1.3873233986247702,11,5,1,0.7353557136296964,0
14,9,81,0.21404189069330315,1.4080802105281587,2,5,1,0.7247550270749357,0
15,7,58,0.4346468886244518,4.816801602230189,9,4,2,0.8946289311085636,0
16,4,67,0.8185134991349372,0.05142247967846014,2,3,2,0.6788426360399088,1
17,5,71,0.6143684221700632,3.5802498662107225,13,5,1,0.8627019203741757,1
16,1,50,0.4784764745346305,3.531230812776311,3,3,1,0.6562196786219721,0
18,14,71,0.49739143592506424,3.113447704748987,7,1,1,0.34371099248174686,0
6,1,42,0.20108290057237455,4.950544230434329,3,6,1,0.5687629062329087,0
23,3,93,0.43984042205218876,1.5593971788186263,9,5,1,0.611108670370049,0
22,13,46,0.7171669933103444,1.699859318966241,6,1,1,0.399132071490632,0
7,14,38,0.9793555550530857,0.39469701473277774,3,5,2,0.37174743043244896,0
21,8,70,0.8776486615871197,2.2139906827186873,9,0,2,0.6748254647598679,1
12,14,30,0.2188759717164233,1.3052426311742404,1,2,2,0.35960054558925747,0
14,2,31,0.9188484837398716,1.716933510888221,10,1,1,0.5120616175230588,0
6,4,89,0.8265587306389008,4.172858951278139,3,5,2,0.8212178831741532,0
23,2,77,0.8243008988567844,4.677422567637478,1,7,1,0.9751025256975865,1
13,14,58,0.5663966072028572,0.9286653600259281,2,2,1,0.80250940638635,0
11,5,39,0.5184042343636023,1.8625446577673292,12,1,2,0.9948378839170091,0
8,9,87,0.4423325830665541,4.643152810576971,8,7,1,0.7888365798955819,0
22,1,89,0.25255588716349264,0.30904230344611316,7,7,1,0.5056561294580293,0
17,5,50,0.3825882907949593,0.4618026405568926,2,4,1,0.7704367783537533,0
15,14,57,0.3972829079824197,0.8139549460311468,2,7,1,0.7915097356378327,0
8,9,63,0.5872616557681614,2.976064170634374,9,5,1,0.5602088892315225,0
8,1,37,0.7979555252773551,0.7523613550299874,13,4,1,0.3123996954265723,0
14,9,88,0.5790478627183573,4.840381907253668,13,0,2,0.7922398493428409,0
9,8,78,0.2462755595577285,2.233572636292602,6,5,1,0.31519006669287913,0
13,4,46,0.9662318407905632,2.507589801750832,5,6,1,0.7418316546420498,0
7,12,89,0.9541794552752898,1.2332930790270324,10,7,1,0.41453154211978854,0
21,11,74,0.8281516345187268,2.3548012621736674,6,0,1,0.6959224694236303,1
7,10,98,0.9930623212513765,3.3095681631850575,9,2,2,0.6527391177664199,0
20,5,61,0.6355858662402103,3.755885684770214,11,1,2,0.3094595496143278,0
8,13,73,0.9702146802025648,3.769340413549565,7,7,1,0.5540060718965725,0
22,5,94,0.26048403249340063,2.8894555634704417,10,3,1,0.7207638171774119,0
21,11,37,0.49254459860909705,4.521798874969286,10,0,1,0.8940245863291458,0
11,12,72,0.3803050144054127,4.087039236530547,14,3,2,0.9220494796855621,0
9,6,30,0.356666467307416,3.785240573493127,9,7,2,0.6386949790232563,0
16,7,80,0.3126423591141409,0.2780276084023031,4,3,2,0.8098957411096066,0
21,8,53,0.6979309132527973,0.03438981109824657,2,7,2,0.5215182035734203,0
17,14,53,0.825057484597844,1.0622363859773647,12,1,1,0.5395304840310602,0
7,8,46,0.6626387195362886,3.3176179695672614,8,2,2,0.43612446342761957,0
13,11,34,0.3175701676705678,2.055987444412729,4,1,2,0.6933636769952675,0
21,14,49,0.8488990159467769,2.0120312964965588,13,5,1,0.5201949056491556,0
21,13,50,0.7087637657309829,4.422934441148069,9,0,1,0.3590596275069535,0
24,2,87,0.5105325649015964,4.477814240659193,4,3,2,0.7795042606642251,0
20,9,60,0.7393042364288505,4.545876320267928,8,1,2,0.7954272453237787,0
17,7,40,0.4079239833942663,1.5693903825751365,9,7,2,0.5519946931453406,0
23,4,81,0.4761537667953684,3.4552790636963087,13,1,2,0.3537063796192159,0
21,4,44,0.9339886745055923,1.3581659063718483,9,1,1,0.5984084021823981,0
8,11,36,0.43240360453713633,0.9530491653722489,10,0,1,0.6096348206351507,0
16,8,57,0.5759906145263494,0.9231622867368461,4,2,2,0.768069619428525,0
13,4,80,0.9121129099168117,1.7105381043179702,1,6,2,0.5207914738810784,1
23,13,87,0.766177080214022,2.1497880988991085,3,1,2,0.7778194958469138,1
16,6,34,0.2497625809317622,4.154745855275342,9,0,2,0.9100419792301717,0
13,5,34,0.3178424354231763,0.5994554673635605,4,3,2,0.46624022965353984,0
11,3,37,0.20627327261753348,3.674629236974471,5,7,1,0.9852436892839298,0
18,13,93,0.7047374321833308,2.6572745709465266,7,5,1,0.5704576959957648,1
24,14,39,0.5581387403283347,1.4397267133799625,5,6,1,0.4870810796029432,0
23,10,67,0.30741988072182047,2.464097922664123,4,4,2,0.5950578277572034,0
19,11,37,0.9663472968454163,1.4997103488851131,2,6,2,0.3660782331327014,0
20,2,54,0.6237277791564959,2.98040977619153,2,7,1,0.387994134558481,0
9,9,95,0.3935146352903114,2.169219614276221,13,6,1,0.590103832877832,0
7,10,79,0.6004828569237661,0.8220276453943937,13,7,2,0.8337111653573699,0
16,9,96,0.7436962661880864,0.5829153727784836,4,0,1,0.9302185677021435,1
24,1,78,0.2609913743788516,2.7334784103606506,10,4,2,0.7653725935013895,0
8,10,65,0.4197630520383136,4.512065166430517,13,1,2,0.3736536886667188,0
20,3,97,0.845572392707195,1.7197884327884276,10,1,1,0.7704138335263745,1
11,8,70,0.567731896322129,3.665000536113116,13,6,1,0.7447995444920803,0
17,6,91,0.637261713625836,3.2933067746988347,9,0,1,0.8640347428053319,1
14,5,39,0.5462528017675754,4.657774571547405,8,4,2,0.8776740666565266,0
11,5,50,0.23511995411440412,4.104905086495704,3,1,2,0.9077421530452852,0
18,6,65,0.33259982385612474,2.833026294527315,14,3,1,0.5898920602053688,0
9,7,41,0.5564333109935127,3.2851524911705363,9,2,2,0.7885050767465009,0
7,1,31,0.36734837232634227,4.491932332920174,14,2,2,0.4877752512456175,0
15,9,42,0.239983222927743,1.997593922934674,5,1,2,0.999535395988453,0
15,3,82,0.8749197312414589,1.6339735292888868,11,4,1,0.42273396896380194,1
22,4,61,0.9849540233312928,0.054055418175981695,3,5,2,0.3070801021625851,0
19,10,45,0.8345142991973915,4.132755370957321,5,1,1,0.4041661001627232,0
16,1,61,0.8830279373637338,4.004903502016824,13,5,1,0.8431106026808886,0
13,13,61,0.3935817042536363,0.5222725905007569,10,5,2,0.6127485735557481,0
14,11,40,0.9685015804105599,2.884286905663501,13,7,1,0.6132501734672997,0
16,10,39,0.3575405635627427,2.319908490834437,4,7,2,0.9685160437281679,0
21,3,44,0.9611438482894659,0.5935454775455573,8,4,1,0.9437444356196518,0
10,2,46,0.9958554351727609,4.902841135303618,13,5,1,0.5178363164628064,0
11,2,69,0.7693782445968391,1.0734794373167773,12,3,2,0.44634069014660627,0
18,14,47,0.9849149854334576,0.33617090045280573,5,4,1,0.8939375469536177,0
17,1,84,0.6556318236536829,2.974236897509548,10,1,1,0.9342133497310541,1
12,8,54,0.4076334265408723,3.6943333856651632,12,6,1,0.6791178459589409,0
14,3,88,0.5495967085324966,0.16221723023593482,8,3,2,0.7405965977819703,0
13,3,51,0.6748487483030288,3.293588193635111,9,0,2,0.47983999928460536,0
22,6,59,0.258465249621612,2.661459379757272,4,2,1,0.8605618815849672,0
6,13,73,0.6978746116937968,0.5163250443752421,7,1,1,0.7424856999143161,0
9,8,61,0.9849422694098358,0.8626193847318103,2,1,1,0.6524594579085976,0
9,13,80,0.3520861198269821,2.8398714865804027,6,1,2,0.34207598925487703,0
10,9,75,0.8340760930307067,1.4817880675664419,8,3,2,0.9411544737578075,0
23,9,50,0.9263190350236956,4.69157864325658,12,0,1,0.7308159942690842,0
12,4,61,0.9549612742561766,4.093701147420254,7,6,2,0.4348837662850775,0
20,14,68,0.9681084835243579,4.9178360325683155,7,4,2,0.7244702818881369,1
17,5,41,0.6171677109771776,1.2983541947520698,8,7,2,0.7742243479679813,0
5,2,76,0.9818463263932029,4.848618163989885,7,0,2,0.6680392356782578,0
24,11,47,0.8058481657075511,2.156169348957789,5,3,1,0.8026712165692158,0
21,9,50,0.32933714898956956,1.7375939765687731,7,1,2,0.707017763550037,0
11,8,42,0.581520085174376,0.2517476348467662,13,2,2,0.9634387074225037,0
17,3,50,0.7746649402976031,0.2638262892980131,14,1,1,0.3375879550195148,0
8,11,37,0.3978722526552667,3.4600562797332737,10,4,1,0.3743719959286923,0
8,12,75,0.7124921468391099,2.2896449721701395,3,5,2,0.42157014586803787,0
10,13,36,0.7332803832372954,1.1326081301805284,5,2,2,0.7831197494230324,0
23,9,52,0.3301597950468527,3.0698515316261634,7,1,1,0.751917110924866,0
16,3,51,0.652068249962205,1.264290591250556,9,6,1,0.9244412021467858,0
11,9,51,0.8173015287828862,2.888158771722113,2,2,1,0.8130142170187289,0
14,2,58,0.5991165316287536,1.7960437349134517,4,5,2,0.6558488412952146,0
23,12,42,0.20968249342088596,4.117761133059095,12,7,2,0.9942822547245411,0
11,10,31,0.20723077526343375,4.103480803833897,7,0,1,0.4862755693185094,0
7,9,58,0.4856234751760098,2.3867519906120065,1,3,2,0.8832341618498176,0
17,8,81,0.9409552547454256,1.754095546675078,13,7,1,0.5987532605357435,1
17,9,56,0.382941423682887,1.8127989827954727,2,1,2,0.7541145972130139,0
22,5,79,0.7074909510973497,4.02857262834109,9,4,1,0.8090879293167037,1
24,11,52,0.3776606965546565,1.64089741398806,13,0,1,0.7436278610332354,0
12,11,73,0.45733599172763895,1.04529686853423,10,7,2,0.39835511217601527,0
13,2,51,0.8784336716811871,0.42344170937653414,7,1,2,0.6100657075235529,0
11,8,72,0.7830891538159575,2.333465604422042,12,0,2,0.693006864553187,0
5,12,66,0.2763194218505685,2.4106604945992096,10,7,2,0.8943306314250177,0
7,6,90,0.5429616167891469,4.204543552014536,7,4,2,0.6105520241590006,0
17,8,85,0.22333581091621157,1.1061934822303199,6,1,2,0.943123113362976,0
21,11,32,0.5847121172824072,1.9049563683419994,3,5,1,0.6082619561176474,0
5,5,92,0.7299472093608546,4.0420286944684545,10,5,2,0.6841459014841081,0
10,10,48,0.29480209887852127,4.118118053744867,3,4,1,0.8573999780599606,0
10,2,52,0.4311079511273326,1.923055379893841,2,2,1,0.7081473790955005,0
16,6,58,0.5182693004017256,2.2956201164334047,11,4,2,0.9721526506679772,0
17,5,59,0.9356248197248398,1.5164294542464147,6,2,1,0.7622350813598893,0
17,12,68,0.9946040123383713,4.66277439209656,4,1,1,0.6658966178473207,1
19,13,54,0.2359290391964927,0.5932188287079015,5,7,2,0.3165143774465571,0
20,12,37,0.8088063387963136,4.66874711500735,3,2,2,0.5896130283062309,0
15,5,87,0.4973792531218746,3.4193322591767163,6,1,2,0.5094738934821123,0
9,13,45,0.5139665489835841,2.657860763433656,11,1,1,0.8236739675212423,0
8,1,30,0.8034119786776182,0.16329530392247937,12,6,2,0.445794372607482,0
7,2,34,0.934741145716327,2.3779809591100416,3,3,2,0.44365406110585026,0
23,8,32,0.9607428756020389,2.0387405250136617,14,1,2,0.4326633302661637,0
24,13,94,0.6616980688306566,0.8060940598756128,14,2,2,0.3879309292093651,1
22,14,33,0.48569692744040227,3.2820480175032847,8,3,1,0.5177049025696212,0
19,13,93,0.8300392686870235,4.855754536841429,9,3,2,0.9201454801103974,1
13,3,39,0.40080110660984025,2.8109440553226257,4,1,1,0.8424499306141684,0
21,10,50,0.6512592230668142,3.573766382219729,9,4,2,0.8146758514147554,0
18,3,75,0.4868627692198986,0.3422522628300839,12,4,1,0.8581357639549738,0
19,8,56,0.7253048589663009,2.0883349790849737,7,5,1,0.4885925225307002,0
5,8,95,0.39231913031480553,0.5817924258224794,3,3,1,0.9212091835267413,0
7,2,70,0.35327435658786066,3.063979177682552,7,1,2,0.3961123625991231,0
20,8,42,0.9345912693403498,4.692410791070773,14,6,1,0.5354420087009073,0
15,11,38,0.2814429463596295,3.308888662358193,1,4,2,0.71072368327714,0
16,13,65,0.6047663261879453,0.38401524157210765,3,6,2,0.3720335618394004,0
14,13,87,0.37668222637040716,1.7733310249254142,6,1,2,0.8110911314434974,0
20,1,83,0.23114397066053397,2.7533168972042574,4,1,2,0.5710722337424324,0
12,6,41,0.2288150546331411,2.016038780666261,7,7,2,0.84908396592588,0
10,8,43,0.3401774176846619,4.168220052375862,14,3,1,0.6450273999092219,0
16,3,63,0.8934162836048003,4.073355023549946,3,7,2,0.4266121670977354,0
12,8,82,0.42598299518162136,3.059155100516107,1,6,1,0.814333267948741,0
8,12,49,0.9603673364602365,1.8672897256635261,9,7,1,0.47650076908726047,0
12,1,45,0.6652978343913549,1.2766818688162207,6,5,1,0.6435672108876299,0
22,11,99,0.5492913518150129,0.5293715910656466,8,3,1,0.35287328840983534,0
9,11,85,0.6640710677355637,1.7744884174327702,3,0,1,0.7325066580884256,0
13,9,87,0.6133587081810142,2.0658625860385977,8,7,1,0.766100436351394,1
8,13,33,0.8070210030058602,3.379114625520368,2,6,1,0.5650719469809484,0
21,11,33,0.4259968527782818,3.2907991214878676,12,4,2,0.9680959462247516,0
13,13,49,0.48244031328024195,0.35054069820628475,4,4,1,0.9119182450374479,0
5,9,39,0.9152754420266007,1.976296577155789,3,4,2,0.7955586410179962,0
24,5,53,0.9571652105203243,0.9088943360868096,10,2,1,0.7995564521456198,0
17,10,55,0.9140465819891797,0.7840635265840284,1,1,1,0.47668120045950585,0
20,4,66,0.5355583951658509,4.13651074868623,13,3,1,0.7597706617619142,0
17,11,83,0.8242924024055054,0.20957608358128765,13,4,1,0.43874438566486373,1
18,6,50,0.5810685866408791,2.0959143795106066,7,0,2,0.4008022567438755,0
7,12,67,0.5980318817168817,0.841018278832591,11,4,2,0.9996275259418061,0
10,7,75,0.3637440872458272,4.39665107839237,10,5,2,0.7356631520312219,0
22,5,33,0.6729042426068133,2.7852025663751756,2,1,1,0.6016915108600334,0
23,11,89,0.3489087182026783,1.1569031818842401,4,6,1,0.501715166018766,0
9,13,86,0.46525175925375506,2.512136435831882,9,1,1,0.7227443105635591,0
19,10,74,0.8840241612959481,3.657431798515579,6,7,2,0.33471545575406025,1
6,9,49,0.3656606473686842,4.7905900445971685,8,6,1,0.36627669335335655,0
14,3,46,0.2569266281387463,1.1022300212270948,2,6,2,0.3229996884182774,0
22,7,33,0.2552060740902531,4.430908860646726,7,7,2,0.6494188832838632,0
17,10,43,0.9526276164024863,4.671520570837451,6,3,1,0.7204246404310277,0
9,10,32,0.6055363503694677,4.5821027226603315,13,7,1,0.3437358329504746,0
5,11,87,0.5275296574536147,3.177071784309549,14,2,2,0.8048571272492415,0
5,5,84,0.8487028648063348,3.1491032721735386,9,6,2,0.4612765500601951,0
22,14,33,0.868660742328413,2.016053165919114,7,6,2,0.7796410176389061,0
19,7,53,0.46575282649248373,3.7619894115189396,1,7,1,0.9873279980246719,0
21,2,63,0.7548944459790363,2.6564700917546595,14,3,1,0.7837741090376957,0
15,4,59,0.8168982526815094,3.3871903561414722,8,4,1,0.9182351370465258,0
21,2,48,0.7237205494927637,2.1422895192439775,11,5,1,0.9637389547201471,0
17,14,60,0.3212760598400795,3.657482320215695,10,0,1,0.6407257338466208,0
5,13,89,0.9007064668136457,4.122357588022745,3,3,1,0.7916274855937948,0
6,13,89,0.631275642188807,0.7321812830140806,14,2,2,0.8963784774890893,0
13,12,48,0.42597794109600295,4.16464857787114,2,3,2,0.5496262390120703,0
7,7,78,0.5401825483501552,2.7014826589515364,12,1,2,0.4829781215922764,0
5,2,92,0.23005687231912592,4.223329545451121,3,4,1,0.962619000944837,0
20,13,51,0.3022934409779341,2.156508531705073,11,4,2,0.8084124502581724,0
10,14,53,0.8124374004126886,1.895202426915175,6,6,1,0.4537774933630784,0
21,11,59,0.20000930780429294,4.575303662586112,13,4,1,0.6143583748732794,0
9,1,87,0.5332526627858338,1.2558463377420064,14,4,2,0.8575162386764665,0
9,9,60,0.6180081448684708,4.221061626430716,3,7,1,0.6829440936429094,0
10,1,93,0.24370753600077785,2.4201028625470205,10,4,2,0.7549664687161223,0
7,8,48,0.9784625303778662,2.5704772127562987,5,4,2,0.8276377414315366,0
9,2,77,0.38090026499973756,1.5423414074474202,6,0,1,0.7354064321662863,0
9,12,74,0.4433589757090247,2.8652110030950784,8,2,2,0.6780555253455369,0
14,8,84,0.44315400980402186,1.6260559813810564,7,6,2,0.8247299990714414,0
14,13,84,0.38433332969387995,0.19634707120826156,14,7,2,0.8092941248025405,0
23,3,47,0.20117905766904914,1.3599930267217801,11,4,2,0.7409106801282253,0
21,6,92,0.7834758352703972,0.031895217032953393,8,6,1,0.5518525893673507,1
18,3,76,0.9734763998394282,4.8917739352842835,3,2,2,0.5840684645401901,1
13,14,86,0.3794347866280361,4.828736049098738,4,7,2,0.9793069842188682,0
18,7,74,0.730437753442738,1.9757764873615251,6,5,2,0.37867015260406806,1
5,10,62,0.7935170615669722,3.64185427169823,11,4,1,0.4879534420769847,0
23,9,46,0.8787403032724199,1.729030492052125,7,6,2,0.644681231443035,0
17,2,99,0.5381033576108873,3.3554657854298804,9,3,1,0.8857107803006501,0
17,12,33,0.4423447245123434,4.027150215229895,13,7,2,0.4145729646108095,0
8,12,49,0.4602361072184249,4.733781223461204,1,7,2,0.4938682326872269,0
5,14,76,0.7700970664788103,2.00106137924836,13,6,2,0.3460587524566673,0
21,5,44,0.8534235732045088,3.9164899147802386,8,4,1,0.7941896862355728,0
12,13,99,0.3452911742052821,1.329642253160594,8,1,1,0.4667466048329313,0
6,6,76,0.4967528065262122,4.951661518968241,6,0,1,0.5720723254696654,0
12,4,38,0.9215521573993202,0.1288479938217557,4,3,1,0.6105910129207675,0
11,4,45,0.8453548157557915,3.0176440325056046,3,3,1,0.9239197549245188,0
6,4,98,0.9878867222099807,3.2975299082566356,11,1,1,0.5879312032318658,0
7,2,90,0.8033986077456647,3.440227785370644,3,4,2,0.40165751394067434,0
22,4,39,0.5145561608223379,0.6019378939454451,6,7,1,0.6670204568380846,0
16,11,79,0.6725102671957102,4.692648917365652,13,7,2,0.9740705962540408,1
5,1,32,0.7288114033978563,0.905916395250414,8,0,1,0.7253799487355677,0
16,12,99,0.26276465305369917,3.1137670161992053,7,3,1,0.9883710543224007,0
9,6,80,0.635597567283092,1.1133803956154247,11,0,1,0.8887751162572091,0
21,1,48,0.7674566627780877,1.5360820851063544,1,3,2,0.32517602934938894,0
20,10,71,0.3338570432008483,2.732292708640622,11,4,1,0.7608797167639292,0
19,6,64,0.8245053739404458,2.0859670928228824,6,5,1,0.5007368142905185,0
19,1,75,0.6670182244112893,0.8011280048825314,7,3,2,0.6917317989513067,1
9,6,55,0.9617774285580758,0.8546820121042414,12,5,2,0.49554163365185855,0
18,10,98,0.23393783856551337,2.0907239408139984,7,3,2,0.5442092916237032,0
6,8,93,0.4122609100443736,3.7864148913775035,9,7,2,0.9462180982279256,0
15,11,66,0.6812431034398593,4.489823234238942,11,2,1,0.4446502294241937,1
23,2,78,0.4372479297647446,0.4206383112969142,11,4,2,0.9118763826180813,0
11,2,50,0.7715393312569938,1.9655195377970052,10,1,1,0.32132046564934774,0
10,14,93,0.8072042260175449,0.5012278186143831,5,5,1,0.36361357685875384,0
6,13,34,0.2820127712531796,0.08296240316298942,1,1,2,0.8982725289689844,0
10,12,99,0.6110835713654141,3.308593413219783,2,4,1,0.7413892216364366,0
22,4,33,0.6071124444728447,3.012247209832939,4,6,2,0.8230652966276852,0
6,11,68,0.4954246161724329,0.815095569074431,5,1,1,0.44659236957529796,0
22,3,64,0.9463398900557378,1.1690641654653207,9,4,2,0.6759584189130724,0
19,4,30,0.862005055898577,0.1185387682225919,11,7,2,0.8160534564999133,0
23,13,53,0.7577675055277096,4.174736028472019,1,1,2,0.7391198959071836,0
6,12,86,0.771461308587998,4.8734529802427575,3,5,2,0.6301891368238466,0
24,7,99,0.5693729150504954,0.677297683973454,5,2,2,0.9718486505064003,0
10,13,70,0.9367956168772607,1.1573760688264905,3,1,2,0.7733101334174117,0
5,11,83,0.7556763418026284,4.34204761973467,4,5,1,0.9354255601688666,0
19,1,75,0.7831848493246532,4.6323189897809245,14,3,1,0.8108393581015769,1
14,6,89,0.8893527230298763,2.098136914034052,3,4,1,0.8148244700183782,1
23,3,89,0.4192572714737528,0.25311236134537063,4,0,2,0.3560127888303755,0
21,11,86,0.8456567230933625,0.196959168464097,14,6,1,0.5516252352977604,1
9,10,60,0.35619248236519363,2.8697493303450523,13,7,2,0.9008585847037609,0
8,7,53,0.4762735617959103,1.9644755444658952,13,0,1,0.46282270350412913,0
14,10,65,0.4684883634158742,0.14326213788827258,1,7,1,0.3808541063095263,0
21,2,59,0.9828203747113124,2.9162619615627836,12,4,2,0.5282742396471554,0
14,14,53,0.8852297789983414,0.05651268294511236,8,7,1,0.45430651942482975,0
21,2,59,0.7609358892722078,3.936859790746365,4,2,1,0.9477017363552085,0
24,13,36,0.7816454092923122,1.532164113516858,7,1,1,0.9075766494014919,0
9,4,64,0.6496582355220568,0.2012900150461605,2,2,2,0.649778261198033,0
6,1,84,0.9576725336868153,2.9417611049157664,2,0,1,0.3429407121387076,0
10,3,43,0.5970070023058893,1.9884220721652734,6,6,2,0.8001936422652094,0
6,13,39,0.5044141678959156,4.869002066785748,14,5,1,0.7363882119353852,0
17,9,45,0.3304282695452728,2.720993312518511,2,6,1,0.9793882695099472,0
15,7,83,0.8289645218088464,1.3761959051850414,6,4,1,0.6912672681892638,1
15,7,99,0.7875551456604732,3.5471943231698737,11,4,1,0.5354756063820365,1
20,13,73,0.5074840308193079,1.3574600127135565,2,2,2,0.663315185504989,0
15,13,74,0.2201547311673835,4.521216457037825,4,5,1,0.9854843039831613,0
23,11,85,0.8711978621744085,1.873609852536882,7,2,2,0.7874537027731213,1
19,4,86,0.2091343867632589,2.749342813881026,8,1,2,0.7703832965489357,0
20,2,50,0.7629598237032409,0.2528655191211443,3,3,1,0.46847711280811977,0
15,14,97,0.9762056877808456,2.1306061897611537,14,5,1,0.8205217622924323,1
20,4,79,0.5501290625185629,4.161817698304975,13,3,2,0.8251902806302402,0
12,6,62,0.38797872399676225,4.02824402681671,9,6,2,0.5221022886431337,0
8,11,36,0.7638968080347055,1.1215927942676314,2,1,1,0.6385996826734992,0
12,11,99,0.8537025136124681,1.1303953550528134,8,7,1,0.5062223330583192,0
8,3,44,0.6371442528622779,4.086526561066184,8,7,1,0.48109354922700065,0
7,1,61,0.9736282202049169,4.651992100846628,13,3,1,0.3181272491746396,0
7,14,49,0.24133497732636888,0.47680460636501776,14,0,1,0.49964822125733244,0
22,12,44,0.6038364786436226,2.250293197131126,4,6,2,0.6877789649147923,0
23,8,77,0.7747631578580401,1.6872713948211449,1,3,1,0.30112083128432016,1
23,12,50,0.8901123769193433,4.353442277287197,13,1,1,0.4982533586667672,0
9,13,71,0.34340448952623204,0.41762457340009385,1,3,2,0.9169872326262749,0
22,5,55,0.8400027854109451,1.055629712790187,2,4,1,0.7155540095751526,0
14,5,43,0.6421656605748363,3.7623416879324716,14,2,1,0.7255039768566862,0
10,11,86,0.5172429455919706,0.2564692449060779,12,0,2,0.5823550135184472,0
5,4,66,0.30537202286327486,2.462676903571446,14,4,1,0.7735305004446877,0
9,6,87,0.8922366071271299,2.2105351733986,9,4,2,0.4329529363612514,0
13,3,50,0.3258185665437723,1.6720058949437433,13,1,1,0.8731227672689341,0
16,9,98,0.4478302873672794,1.972861576594619,2,2,1,0.3816823839551299,0
18,5,32,0.43203642556994953,2.649702934651165,2,2,1,0.7592009482571764,0
6,3,66,0.8971312273526835,0.8068367919419156,6,5,2,0.5388045280737781,0
21,11,78,0.7381623953671184,2.859979391417964,7,6,2,0.8232590794077337,1
18,1,48,0.837345117753098,4.027161646499931,13,0,2,0.684835185886214,0
17,10,41,0.4003743190339992,3.800804648950795,7,6,2,0.6166471269351013,0
13,12,90,0.6998992796855992,0.7694995234688684,13,1,1,0.4185956814652729,1
19,6,70,0.657396786514999,0.7462473487073695,9,0,2,0.7457750249990469,1
19,2,62,0.8662643014306168,1.3408718387245666,6,5,2,0.9823388903942891,0
15,13,79,0.9248696483850085,1.805373631705186,14,3,2,0.8779223974349104,1
20,3,97,0.20972541718190946,2.042277907042413,8,4,1,0.3420057348123082,0
21,1,62,0.7392159352470342,3.398486084166726,11,0,1,0.5633605648528337,0
8,9,53,0.24146863929578322,0.283402160829177,6,6,2,0.9479081064331902,0
5,8,90,0.6390869320618848,0.17336352113033193,2,4,2,0.6521306232899149,0
12,12,90,0.4301061832349426,1.9595528147195451,1,1,1,0.7634782780657254,0
21,2,57,0.445421279617713,3.4858184606899023,5,6,2,0.9388195419139733,0
7,12,87,0.48236680276188526,0.9671767147824128,14,3,2,0.9116562832939163,0
24,11,72,0.6970339592396881,3.2075224062812584,9,1,2,0.6512742628783577,1
19,8,70,0.46723997253501537,1.2991406897014972,8,7,2,0.6063524118603214,0
19,12,68,0.7861592404722244,4.4304305440675815,14,3,1,0.5377848329357109,1
18,14,78,0.5236219084590958,4.4784497213330825,13,3,1,0.8033136102140237,0
18,9,46,0.2546825602479669,1.4864360214066323,4,4,1,0.5008907596300802,0
6,1,99,0.8270078739872859,1.1499687698162027,5,1,2,0.47492132450163005,0
17,13,99,0.42860665967416484,2.0565198603311563,13,1,2,0.549374926222646,0
18,5,94,0.5462135036794101,1.2026579259007435,5,0,1,0.4240505398151544,0
23,8,34,0.7483551065775214,3.361919216458518,6,6,1,0.7865838711620371,0
11,11,31,0.46596492571896964,4.130323422741427,3,7,1,0.7313684545314285,0
7,14,51,0.2452685249173725,3.365460654556085,5,1,2,0.6380149738810905,0
19,2,86,0.4991368376102509,4.121752236246747,2,0,1,0.5732280454830883,0
18,4,95,0.9555588661554428,1.9849608110373707,10,7,2,0.9363437800277119,1
15,7,45,0.7133875178388467,0.7815848535443043,1,2,2,0.32038664949237367,0
19,3,80,0.7371833189337655,3.6897547369879606,11,2,1,0.8383754204551093,1
17,13,68,0.7058257229101119,1.8023725257077694,1,7,1,0.9313367002242221,1
22,12,69,0.35919371116754945,3.3563541261456624,10,2,2,0.6124482056009481,0
10,5,67,0.5346670912818241,1.3532197099088283,7,5,1,0.6854833440294528,0
7,8,89,0.8007518386906547,0.40614817403336334,2,1,1,0.9611245815174265,0
23,12,88,0.28109831804252733,4.962908977438817,4,5,2,0.4485942606998601,0
19,10,39,0.4222822208717698,0.7810075396529964,5,6,2,0.6640943934492793,0
9,3,93,0.4210552867726829,4.9421049698174055,7,1,2,0.6323047889897491,0
14,4,92,0.5456151420756048,4.886399662832236,2,0,2,0.48087485350925907,0
11,14,78,0.9842949927537481,3.969090519540198,14,5,2,0.8730152612611755,0
21,9,93,0.25400203734705756,3.2971148104099877,6,5,1,0.9297204163342649,0
11,14,61,0.614960795504476,2.8890352512554234,1,6,2,0.8473528058517461,0
16,14,36,0.34349174560976836,4.330507726889174,7,5,2,0.43675127259402585,0
21,7,50,0.9765412363277954,1.4471976080974396,9,3,2,0.3607240448509671,0
17,1,49,0.2906428037819714,2.338406062424385,5,0,1,0.7238111397137397,0
24,14,55,0.522880801889273,3.0969498468325094,5,2,2,0.33996633235691875,0
8,12,97,0.7903079878676851,2.0559523793474552,4,0,2,0.7709781219906588,0
14,4,44,0.7636435424219563,2.13743227045134,3,3,2,0.6712969542290699,0
7,4,43,0.5381829095151458,1.6514233375104221,9,6,1,0.7639500129205645,0
13,9,56,0.4772193343621746,2.82115908342268,5,6,2,0.7131195415548208,0
17,6,69,0.5180899028422965,4.25287264007558,8,1,2,0.5958917986690209,0
22,9,87,0.41142101052691143,1.0076418900315642,9,0,2,0.44061402609815975,0
19,12,57,0.36426635096543986,4.672165193767207,5,7,1,0.513991495067342,0
8,6,55,0.586431758047112,3.4454382687411482,10,7,1,0.6671504019532835,0
19,6,92,0.41482700485408586,4.116366063400151,9,6,1,0.7563076655533241,0
6,5,95,0.4299693319178001,2.780953463150058,2,5,1,0.8456381118191698,0
19,5,54,0.7254048507796458,3.8975835071203173,9,6,2,0.8370195029143426,0
12,2,32,0.9748298653599139,0.08100198669733605,11,6,2,0.9808821202827598,0
12,8,73,0.6829097604475001,4.091902123897676,4,6,1,0.5000890140643866,0
21,8,71,0.26158357365197304,0.2006942954268326,6,6,1,0.34977749574940575,0
16,11,35,0.2604668910832536,4.449566881814312,6,7,2,0.5419598548793014,0
23,13,68,0.9611385766764529,4.959813736193216,6,7,2,0.8203061326568537,1
14,1,81,0.43783263224586694,1.470337310883889,2,2,1,0.6066781557233065,0
13,8,52,0.27365358886598035,1.0515927814289683,7,2,1,0.8724519014125935,0
9,5,79,0.6792356697203052,3.8268168192902037,13,1,1,0.6845284556302105,0
10,2,72,0.6989190226322128,1.265131704601266,6,6,1,0.950854205841352,0
24,14,48,0.7188038560949506,4.327811915861018,11,7,2,0.9635044093993481,0
6,2,98,0.4139216222860331,0.5142129607873835,14,0,1,0.34851315421312407,0
17,14,80,0.21208854737158003,0.6297759818967913,1,3,1,0.619489407798697,0
10,6,40,0.9720122955635775,4.895757775503078,2,1,2,0.7267823428746976,0
9,11,41,0.400714436552882,3.369194491350023,7,7,2,0.4791107785685489,0
5,13,37,0.740821030442038,4.234436122144764,1,0,2,0.5849537455652861,0
10,9,53,0.7653038959029677,1.6216468867575902,1,6,2,0.7743770787823887,0
10,1,70,0.6880059336635886,3.382418747603022,1,4,2,0.45871395882885296,0
20,12,65,0.4503259153709186,2.971209136542986,8,6,1,0.7213869470821166,0
8,6,84,0.41687700301125263,3.015750600614735,4,2,1,0.7882134797150142,0
15,9,38,0.6781346261621626,3.412662297688608,4,3,1,0.3633474177671067,0
13,8,76,0.8928765068893532,2.8767958656454926,13,7,2,0.6482705212192169,1
7,11,44,0.9573869831387165,2.1453118465133296,2,7,1,0.48415602094693355,0
23,6,77,0.28472464352300614,1.3796134719027342,11,5,2,0.8070704491986311,0
12,3,71,0.3238628900781759,3.84290665456601,11,3,1,0.4326888559758583,0
9,8,89,0.9557890070264639,1.131362150015931,11,5,1,0.9245665408766743,0
8,9,99,0.789228182667834,3.461771530772071,1,3,2,0.6016589355628288,0
10,1,41,0.9063950598638184,1.1666641132466333,12,2,2,0.4386021212152874,0
6,12,31,0.3621061073082745,3.1266508497722696,10,5,1,0.6066152574452305,0
24,9,36,0.6700686968875216,3.7353913356451445,9,0,1,0.5861206339659695,0
15,14,32,0.7609116755339789,1.093569444532696,7,5,1,0.6002432716455972,0
8,6,32,0.7440895083575783,0.2997165043065414,4,1,1,0.7098929054482128,0
19,6,56,0.5265213526933585,0.6548687149708704,12,0,1,0.6648216074394762,0
10,12,69,0.21231591335304678,3.029984836355127,6,1,2,0.40484399217663186,0
21,4,62,0.6663408454434105,4.247232031128678,14,6,2,0.3459053508526454,0
10,1,30,0.402481231343687,0.22498410617712183,2,3,2,0.8105908141085783,0
23,10,37,0.5602033969143123,3.670756295208231,7,0,2,0.6918022051498194,0
6,8,61,0.9660648120670539,1.7065932297502606,2,3,1,0.5513005376554846,0
19,2,77,0.5192282541139478,2.3926418495976125,10,6,1,0.8658504757486516,0
15,12,33,0.8718412853315414,4.644297749227828,8,4,2,0.5716409319826699,0
12,1,99,0.3508324845994009,1.6598575236792272,8,7,1,0.8571755627204252,0
23,2,48,0.7379683984200232,2.32668466969743,1,3,2,0.5140292892586622,0
17,1,61,0.9816055635511549,0.06841207380340553,13,6,1,0.35099170828163984,0
16,1,38,0.28151448069834945,0.4079936000241918,8,3,1,0.9528477856599502,0
9,9,41,0.2066559537817536,1.2929579556739201,2,6,1,0.5761857904969612,0
10,13,40,0.5468662341060915,0.13926120410537202,6,1,2,0.8548848009945644,0
8,14,75,0.2741003864410938,3.1568766302412548,13,6,2,0.4954008932556131,0
23,1,45,0.7987074797409852,2.131991784008113,1,5,2,0.7524555784865592,0
24,13,30,0.9316389310788471,2.74072601364011,5,4,2,0.9113176112804098,0
5,4,92,0.5472167781670071,0.8732359294816477,11,3,1,0.3291508156379862,0
24,10,50,0.4069693137243528,1.4796601471830806,7,6,1,0.8814450352802625,0
21,6,59,0.5475226552052879,3.3191223742636256,13,6,1,0.69993310348035,0
16,7,42,0.7787582542800009,4.826513618151999,10,3,1,0.7252302277359984,0
19,2,63,0.20724332926429678,0.252083868011046,1,7,2,0.6662106005641878,0
5,6,33,0.6715631915877578,4.451921604276331,2,4,1,0.9121325722985496,0
18,7,57,0.6906333479099033,2.884406006556042,7,4,1,0.3304033500649462,0
10,10,88,0.7101505975167484,2.8195978337781185,6,6,1,0.48271987407509365,0
9,14,56,0.39361766398470177,2.501392676038802,3,0,2,0.9130337772014088,0
15,10,98,0.7712421787025014,0.34697042952091695,14,1,2,0.8266419917723691,1
8,2,54,0.27311318906542115,0.44938425868080334,10,4,2,0.3123516121250241,0
17,2,32,0.35941626917344066,3.0045600282954306,2,4,1,0.661904398246796,0
15,10,97,0.9019760373235857,1.7047928571777915,10,2,2,0.6707008764988723,1
7,7,54,0.7909785205812532,4.586340332888403,4,5,1,0.5806174945895373,0
5,12,49,0.2109964432090762,2.032952686797361,3,4,1,0.5081753324433927,0
10,1,63,0.3987010082958402,0.7164072935132054,7,1,1,0.7772073952886394,0
22,8,55,0.3715251863945317,3.57359416751018,8,5,2,0.44545332529332765,0
14,11,34,0.4166450624295781,1.4667671072050492,2,5,2,0.8592639934501942,0
9,13,90,0.39804781622390917,2.6273515367794658,10,3,1,0.8621260125372301,0
14,3,38,0.2500210365942766,3.4891639275258504,7,3,1,0.5906830063009743,0
16,11,79,0.5671524132774564,4.501320556010352,8,3,2,0.49848360763675337,0
6,6,35,0.7861867798289321,3.9609559740083804,6,3,2,0.49871472711349923,0
17,9,89,0.6853853797739491,3.3818053393636207,6,2,2,0.637603926797347,1
12,6,73,0.7382973348784638,3.3981659119757177,10,4,1,0.803705457324551,0
6,9,40,0.2649193428289913,4.729623220160432,1,3,1,0.5512080836957012,0
24,7,95,0.9611925681414297,1.4791204874826802,4,6,1,0.727030341820426,1
5,9,76,0.87079346707442,0.005560470980937038,14,0,2,0.567739122407816,0
9,2,32,0.8440722547965303,1.3597727969909934,1,3,2,0.5131662324059683,0
13,12,59,0.858387044033414,1.08945689813372,4,4,2,0.3174016611410559,0
21,8,50,0.946168406506209,3.3091729255699907,2,3,1,0.3027398740147734,0
13,8,57,0.6354031728909582,3.1685579988276453,11,2,1,0.4590453744824031,0
15,2,91,0.3602256142941007,2.967306913523619,13,1,2,0.5844844007606969,0
19,12,62,0.693426886282033,0.0812172160472685,5,1,1,0.8958828171534421,0
10,14,64,0.7943051949343511,3.6438902722532376,10,4,2,0.8589389700512977,0
7,4,81,0.7903339146832205,1.6176520624274575,14,6,1,0.4870156838115929,0
21,14,63,0.617159219333504,3.3252799450331554,9,1,2,0.4711783100890095,0
9,11,70,0.25476697546686244,2.7828921425107667,11,7,1,0.4591254497490192,0
16,7,80,0.49689035074410226,1.7136546271395359,12,1,1,0.5374661383702068,0
22,11,76,0.936613286770686,0.6728813355205387,10,0,2,0.6487391036931798,1
18,4,87,0.6675591278059408,0.47209448830240475,3,4,2,0.6070674404221028,1
15,4,86,0.6306655546045707,4.157591665561117,8,6,2,0.4527912391470456,1
13,6,52,0.4150828115057548,4.59198771040779,3,4,2,0.3913159869605326,0
6,10,77,0.49475913593326315,3.248940233821498,6,1,2,0.30880446874033673,0
16,6,51,0.9162768713225355,0.5171705743024169,4,1,1,0.4077742670665527,0
7,10,46,0.7331704380214685,2.0101360844412035,8,1,2,0.7937494591358827,0
7,3,98,0.8299096214018664,3.6446960005257862,11,5,2,0.470546998541908,0
5,9,40,0.5634763384541241,3.8991044200503406,6,2,2,0.6280212670850569,0
12,12,44,0.7041977755649265,0.591093111455443,8,3,1,0.7139108042462712,0
12,10,64,0.398706886994566,0.00015359422691207936,1,7,2,0.920788631982125,0
15,14,62,0.7643686642267891,3.560685229403025,6,2,2,0.9221985688753935,0
13,11,45,0.5420810669626699,1.7829808799310283,1,4,2,0.8220136135769514,0
9,2,63,0.5540364118517964,1.2724066580913012,1,7,1,0.324609894433951,0
18,6,95,0.7194578596615053,0.0644873489476272,8,0,1,0.7025492933597903,1
7,12,69,0.9490244971751414,2.7014970338074984,7,3,2,0.8506084295820544,0
9,7,57,0.2512050772868968,4.255753677129909,3,0,1,0.31210163133435426,0
9,12,76,0.859794589877606,4.78815823136294,6,6,2,0.6847792295596047,0
23,13,68,0.43390648832975454,2.828724753066446,9,5,1,0.9004349020502205,0
18,9,99,0.5551355636051023,2.572306638699471,7,4,2,0.6318714530895868,0
8,13,49,0.21753066302000718,0.4252819274462055,12,5,1,0.3028743420282139,0
17,3,30,0.44083686226745045,2.7443640077129987,3,4,2,0.30770935083492523,0
14,10,92,0.6021049941041043,1.8998953948269732,14,0,2,0.5916452261896253,1
22,3,96,0.24494086187795122,3.0356764044178846,14,0,1,0.40850606719172816,0
12,7,33,0.5928765835065322,1.9436317393827336,13,0,2,0.7651154599652816,0
12,14,87,0.9416885030867419,1.2014956172518336,6,4,2,0.7961594854343077,0
11,4,54,0.2843145744862442,0.4748263761418825,11,1,2,0.42451585682244,0
12,13,76,0.8115525824604035,1.5745922229444786,4,0,2,0.9219733019671394,0
18,8,67,0.5277368427007941,0.4832241714387614,14,5,1,0.609335491485248,0
23,13,44,0.7241389716194704,0.8844847541199197,13,6,2,0.3999921353143466,0
10,7,92,0.40818927838818353,4.93668079289773,3,3,1,0.8349761186485767,0
5,5,50,0.32759381003308663,2.2205177845330932,9,4,1,0.8529821500117409,0
19,7,86,0.32837009141698115,2.6593588325250828,10,7,1,0.7475068308658201,0
5,3,82,0.25639355651451573,4.368092643686077,2,5,1,0.8974258872417871,0
21,12,75,0.3485173639209944,4.977844502453439,1,2,2,0.8161610804214698,0
5,2,43,0.7313755079911746,2.9135722467234078,14,6,2,0.9175440160588935,0
19,6,46,0.9053524894748064,4.062369105220858,2,2,1,0.6037216339398356,0
6,2,68,0.8513005484729295,1.6347051216833763,7,3,2,0.8233179896696097,0
18,3,38,0.7481074478995873,1.5287197872364555,10,1,1,0.999826094400331,0
12,6,35,0.28834549072888216,2.013518604972801,1,0,2,0.8074518382637335,0
12,5,52,0.4313499570367599,3.3625363133682455,6,4,2,0.3799286461659925,0
23,8,88,0.4478455002579752,3.410958446275494,14,5,2,0.6628231057004281,0
11,9,75,0.399965557118097,1.576197173247254,7,7,1,0.7111434538701196,0
23,11,67,0.6120045277677786,0.6660496206831434,9,0,1,0.42194747254997367,1
10,3,43,0.6284430519037381,3.1619812823275426,14,5,2,0.9740241439246262,0
10,12,91,0.4855087801368882,0.6416293109438226,8,4,1,0.4229058443442314,0
7,10,64,0.48303132698914886,2.8924625411466502,6,2,1,0.4242905437992559,0
11,3,48,0.8628444783248652,3.467110640281545,3,0,2,0.9406169965821884,0
23,3,59,0.8314342786557485,3.503057481972258,8,3,1,0.6256438031851697,0
12,13,54,0.44623666534459655,3.7673605532979835,7,1,2,0.3442317954921613,0
14,13,69,0.9310307550986074,4.364297107828323,3,3,2,0.71873124995697,1
24,6,43,0.962252013602005,2.499794959823942,9,1,2,0.7212784440431335,0
19,1,55,0.4613940336240327,3.651245947647856,12,6,1,0.34515053108059324,0
19,7,51,0.4835399590344439,3.0958636768291834,2,5,2,0.9807657469435633,0
5,12,77,0.604507322737567,0.9331996989884128,3,0,2,0.6808209757062029,0
24,1,80,0.9528966500269389,0.12844822434704084,2,0,1,0.691857005525835,1
11,14,32,0.9010555465138492,1.422706928384669,13,6,1,0.6640807901516761,0
8,5,71,0.28205437006687184,2.215168531688097,1,1,1,0.727512245751234,0
10,10,48,0.5141845946171331,3.0855297221432814,4,2,1,0.4850098269416284,0
5,13,57,0.6426969517998176,4.249796652516027,5,4,2,0.5010689435823885,0
9,8,74,0.6025059780412321,0.9812285835308282,13,3,1,0.6579373628572929,0
5,4,92,0.35509045434951414,0.6277489494923855,6,6,1,0.8646800983345055,0
8,5,48,0.8870534169345239,4.8173997373716375,5,7,1,0.3349052035459252,0
6,4,76,0.7415526263974699,0.5402227968820356,1,7,1,0.7223829485541722,0
14,12,43,0.870326699881443,2.392455350535946,3,5,2,0.8647446997544197,0
9,12,67,0.8870114234795778,2.9278186439665093,1,6,1,0.409842090426059,0
14,14,82,0.7986846829325918,2.706872104537191,11,3,2,0.3105157793863964,1
5,4,90,0.5513684809997739,0.430160785164716,5,3,1,0.5188993065990206,0
10,12,65,0.6884374040123397,0.28513457001809683,5,5,2,0.7117005947107187,0
17,8,69,0.3282923248957945,0.5274171373051784,12,5,2,0.3967982213833234,0
19,2,59,0.7389163339799263,2.9279384193630626,11,0,1,0.5982856596807398,0
8,1,38,0.3434026045914246,2.7217244381716057,13,3,2,0.6866250481619945,0
17,3,93,0.7551596724081255,1.1687039601837212,6,4,1,0.719218166330122,1
24,9,62,0.383678528603175,3.188870709227958,8,7,2,0.4920882047002626,0
19,4,81,0.294041040120176,4.100337510278247,10,4,2,0.5800207451904039,0
12,10,43,0.3322275921143659,0.20789479923296883,12,1,2,0.844837460347291,0
9,5,82,0.20159370817525624,2.490649717740212,1,6,1,0.9588502858844798,0
19,2,88,0.7749916942828243,3.4465520605134516,4,5,2,0.9033162317827801,1
8,4,70,0.7859208392467034,1.2615596353484353,10,0,1,0.6949984512134023,0
16,2,97,0.6119466799306076,1.5388545264657454,11,4,2,0.5872049620607626,1
17,2,97,0.32909024084430694,3.068189514946919,1,2,2,0.5330696300599927,0
6,4,37,0.2668434700085518,4.489676467218684,9,7,2,0.3874695962588126,0
23,6,31,0.2153031731498296,4.049622101514497,11,0,2,0.37458587305127905,0
23,7,70,0.3325985415721766,2.9156510954979176,7,0,2,0.7818503374395603,0
8,10,84,0.9126844279865174,3.6511085887862462,7,4,2,0.4818560913198122,0
8,3,45,0.39322947336134545,1.8241123510389934,12,2,1,0.47826318050271277,0
15,3,91,0.4834170617737725,3.2048276404937885,5,1,1,0.99873653813445,0
9,10,77,0.28427638758506657,2.3309079556377847,7,4,1,0.4315481705116567,0
24,6,59,0.3778890437985363,0.9496806822878046,12,2,2,0.40364183164218076,0
15,13,41,0.615379656624164,3.508691369386286,2,0,1,0.36907965943194443,0
14,12,64,0.686202146476522,2.78232318674411,14,7,2,0.7058637416167572,0
12,3,40,0.3962818513329689,1.793107909767957,13,2,1,0.7395046782014709,0
10,13,93,0.24618572738009378,4.556695950393154,4,0,1,0.5556595483798173,0
10,2,79,0.5128262953019189,0.10467058913366634,14,6,2,0.6747893348580274,0
12,8,50,0.3873626967410673,1.5788657562474802,14,4,2,0.8518796716614387,0
19,5,98,0.3756431385838416,0.2844069888882328,7,5,1,0.8726729178252237,0
18,1,77,0.9678902421707642,3.8326365811081358,3,4,1,0.9705384530009538,1
15,3,49,0.6930403887405793,3.510537270568963,2,6,1,0.876987590146012,0
16,10,96,0.6455027545376768,1.656761093681585,10,3,1,0.6953890057021985,1
17,8,73,0.5326200828186576,3.378314511035365,2,3,2,0.42575987608579213,0
12,4,62,0.5431554667441154,1.9796861309797493,13,3,1,0.3698344903919897,0
22,14,90,0.6327240030704646,3.7812689571121716,1,4,2,0.3381583229376014,1
5,7,38,0.7571438456288859,2.2709183136835303,5,1,2,0.7665680822497686,0
19,10,97,0.7617168769454636,2.0613986391583277,12,4,1,0.8652753787785952,1
12,12,64,0.3373551261643597,4.6736495774415046,6,7,2,0.6560787654788554,0
15,14,94,0.6000902016613017,1.2543954994535012,6,6,1,0.33829992238354795,1
16,14,37,0.5295664760272816,0.6022366999828271,9,7,2,0.6748294022139367,0
16,2,74,0.8964215730155074,2.922715566297291,4,6,2,0.9550244830671852,1
8,7,76,0.7051351369747012,4.846609061420894,1,5,1,0.7183292336527223,0
20,5,69,0.6260032531327855,1.8891960686359333,6,2,2,0.8665992419239703,1
8,5,83,0.2923157137431339,0.3101838181439076,5,4,2,0.8601068538742254,0
9,6,75,0.6845103114587292,1.6965263365478371,10,4,1,0.9524903698464569,0
9,13,76,0.29376312454418674,2.529658271597792,6,0,2,0.8391601359549112,0
12,9,44,0.4697652604526017,0.8096150331610685,3,6,2,0.8233903598091628,0
14,14,48,0.31427357185146554,3.29051109028246,2,0,1,0.46387186547944836,0
21,6,55,0.7536589176194952,4.988746945051003,6,0,1,0.341947608724757,0
13,12,81,0.3650016910689221,2.258697379907219,13,4,2,0.6623196255376653,0
23,13,51,0.5134874985504208,1.7736427836510633,1,1,2,0.38710394556272865,0
18,14,50,0.9165398220950229,2.003520834172333,7,2,2,0.9735371133945938,0
12,8,80,0.36345310671917624,0.5757308919760057,7,2,1,0.50294733384312,0
13,7,67,0.6062440511670233,4.416368007131119,10,7,2,0.897060942369005,1
15,9,49,0.5354173289328177,2.0741282776067598,13,6,2,0.5713372376417215,0
5,4,58,0.2144992328365838,1.9363720571242067,7,5,2,0.5262359749001642,0
18,2,80,0.8342064908582503,3.2984513646523714,12,6,2,0.9546110006636348,1
9,7,33,0.2552367250516798,2.2101671046556177,11,1,2,0.5543258004603568,0
18,6,84,0.5794040167815628,3.2411673440392303,10,1,2,0.5732015360641955,0
8,1,57,0.6485426359511599,0.30723145065393753,1,2,1,0.3742642457290364,0
5,11,33,0.7027411652916697,4.068616718611137,4,3,1,0.7693126656977565,0
23,9,51,0.7509053034463005,4.702519764397013,13,0,2,0.5021875901342594,0
12,9,74,0.4026179068181721,3.2438269307969296,7,0,2,0.709922917487655,0
19,12,96,0.2079830213267595,4.772829644294053,11,2,1,0.7139461928372466,0
19,2,95,0.7787549298839296,0.7571615718498165,9,6,1,0.8034397869170369,1
13,3,63,0.6285252794780629,2.3870809474017687,5,1,1,0.8216690403207088,0
13,5,84,0.8688941625657991,3.0090336697272364,13,6,2,0.6601167040810776,1
14,5,30,0.8571106903205554,2.9086832371059335,2,5,2,0.5316943633223821,0
24,1,67,0.8746609342303067,2.0073088954452163,7,3,2,0.8862156263843137,1
13,8,35,0.5880757279836322,1.690422046831307,10,2,2,0.5169059545859392,0
7,12,54,0.46690271666949257,0.634120112752094,1,0,1,0.655256366128532,0
24,8,46,0.833246562073096,1.958712252811391,7,4,1,0.5808768082426096,0
15,4,90,0.5610352904234039,0.8133040755274257,6,6,1,0.8985548701787816,0
10,13,41,0.3467537571227476,3.6718283824610918,7,1,1,0.6023429718020801,0
6,7,35,0.8839792156491795,1.04415467747295,14,4,2,0.5702694321862389,0
